Co.,URL
3M,https://www.investing.com/equities/3m-co
ABIOMED,https://www.investing.com/equities/abiomed
ADP,https://www.investing.com/equities/auto-data-process
AIG,https://www.investing.com/equities/american-intl-group
AMD,https://www.investing.com/equities/adv-micro-device
ANSYS,https://www.investing.com/equities/ansys
AO Smith,https://www.investing.com/equities/a.o-smith-corp
APA Corp,https://www.investing.com/equities/apache-corp
AT&T,https://www.investing.com/equities/at-t
AbbVie,https://www.investing.com/equities/abbvie-inc
Abbott Labs,https://www.investing.com/equities/abbott-laboratories
Accenture,https://www.investing.com/equities/accenture-ltd
Activision Blizzard,https://www.investing.com/equities/activision-inc
Adobe,https://www.investing.com/equities/adobe-sys-inc
Advance Auto Parts,https://www.investing.com/equities/advance-auto-parts
Aflac,https://www.investing.com/equities/aflac-inc
Agilent Technologies,https://www.investing.com/equities/agilent-tech
Air Products,https://www.investing.com/equities/air-prods---chem
Akamai,https://www.investing.com/equities/akamai-technologies-inc
Alaska Air,https://www.investing.com/equities/alaska-air
Albemarle,https://www.investing.com/equities/albemarle
Alexandria RE,https://www.investing.com/equities/alexandria-real-estate-equities
Align,https://www.investing.com/equities/align-technology
Allegion PLC,https://www.investing.com/equities/allegion-public
Alliant Energy,https://www.investing.com/equities/alliant-energy
Allstate,https://www.investing.com/equities/allstate-corporation
Alphabet A,https://www.investing.com/equities/google-inc
Alphabet C,https://www.investing.com/equities/google-inc-c
Altria,https://www.investing.com/equities/altria-group
Amazon.com,https://www.investing.com/equities/amazon-com-inc
Amcor PLC,https://www.investing.com/equities/amcor-plc
Ameren,https://www.investing.com/equities/ameren-corp
American Airlines,https://www.investing.com/equities/american-airlines-group
American Electric Power,https://www.investing.com/equities/american-electric
American Express,https://www.investing.com/equities/american-express
American Tower,https://www.investing.com/equities/amer-tower-corp
American Water Works,https://www.investing.com/equities/american-water-works-inc
Ameriprise Financial,https://www.investing.com/equities/ameriprise-fincl
AmerisourceBergen,https://www.investing.com/equities/amerisourcebergn
Ametek,https://www.investing.com/equities/ametek-inc
Amgen,https://www.investing.com/equities/amgen-inc
Amphenol,https://www.investing.com/equities/amphenol-corp
Analog Devices,https://www.investing.com/equities/analog-devices
Anthem,https://www.investing.com/equities/wellpoint-inc
Aon,https://www.investing.com/equities/aon-corp
Apple,https://www.investing.com/equities/apple-computer-inc
Applied Materials,https://www.investing.com/equities/applied-matls-inc
Aptiv,https://www.investing.com/equities/delphi-automotive
Archer-Daniels-Midland,https://www.investing.com/equities/archer-daniels-mid
Arista Networks,https://www.investing.com/equities/arista-networks
Arthur J Gallagher,https://www.investing.com/equities/arthur-j.-gallagher---co
Assurant,https://www.investing.com/equities/assurant
Atmos Energy,https://www.investing.com/equities/atmos-energy-corp
AutoZone,https://www.investing.com/equities/autozone-inc
Autodesk,https://www.investing.com/equities/autodesk-inc
AvalonBay,https://www.investing.com/equities/avalonbay-comm
Avery Dennison,https://www.investing.com/equities/avery-dennison
Ball,https://www.investing.com/equities/ball-corp
Bank of America,https://www.investing.com/equities/bank-of-america
Bank of NY Mellon,https://www.investing.com/equities/bk-of-ny
Bath & Body Works,https://www.investing.com/equities/limited-brands
Baxter,https://www.investing.com/equities/baxter-intl
Becton Dickinson,https://www.investing.com/equities/becton-dickinsn
Berkshire Hathaway B,https://www.investing.com/equities/berkshire-hathaway
Best Buy,https://www.investing.com/equities/best-buy
Bio-Rad Labs,https://www.investing.com/equities/bio-rad-laboratories-inc
Bio-Techne,https://www.investing.com/equities/techne-corp
Biogen,https://www.investing.com/equities/biogen-idec-inc
BlackRock,"https://www.investing.com/equities/blackrock,-inc.-c"
Boeing,https://www.investing.com/equities/boeing-co
Booking,https://www.investing.com/equities/priceline.com-inc
BorgWarner,https://www.investing.com/equities/borgwarner
Boston Properties,https://www.investing.com/equities/boston-ppty
Boston Scientific,https://www.investing.com/equities/boston-scien-cp
Bristol-Myers Squibb,https://www.investing.com/equities/bristol-myer-squiib
Broadcom,https://www.investing.com/equities/avago-technologies
Broadridge,https://www.investing.com/equities/broadridge-financial-solutions
Brown Forman,https://www.investing.com/equities/brown-forman-b
Brown&Brown,https://www.investing.com/equities/brown---brown-inc
CBRE A,https://www.investing.com/equities/cbre
CDW Corp,https://www.investing.com/equities/cdw-corp
CF Industries,https://www.investing.com/equities/cf-industries
CH Robinson,https://www.investing.com/equities/c-h-robinson-worldwide-inc
CME Group,https://www.investing.com/equities/cme-group-inc.
CMS Energy,https://www.investing.com/equities/cms-energy-corp
CSX,https://www.investing.com/equities/csx-corp
CVS Health Corp,https://www.investing.com/equities/cvs-corp
Cadence Design,https://www.investing.com/equities/cadence-design-system-inc
Caesars,https://www.investing.com/equities/caesars-entertainment-corp
Campbell Soup,https://www.investing.com/equities/campbell-soup
Capital One Financial,https://www.investing.com/equities/capital-one
CarMax,https://www.investing.com/equities/carmax-inc
Cardinal Health,https://www.investing.com/equities/cardinal-health
Carnival Corp,https://www.investing.com/equities/carnival-corp-exch
Carrier Global,https://www.investing.com/equities/carrier-global-corp
Catalent Inc,https://www.investing.com/equities/catalent-inc
Caterpillar,https://www.investing.com/equities/caterpillar
Cboe Global,https://www.investing.com/equities/cboe-holdings-inc
Celanese,https://www.investing.com/equities/celanese
Centene,https://www.investing.com/equities/centene
CenterPoint Energy,https://www.investing.com/equities/centerpoint
Ceridian HCM,https://www.investing.com/equities/ceridian-hcm-holding-inc
Cerner,https://www.investing.com/equities/cerner-corporatio
Charles River Laboratories,https://www.investing.com/equities/charles-river-laboratories-intl
Charles Schwab,https://www.investing.com/equities/charles-schwab
Charter Communications,https://www.investing.com/equities/charter-communications
Chevron,https://www.investing.com/equities/chevron
Chipotle Mexican Grill,https://www.investing.com/equities/chipotle-mexican-grill-inc
Chubb,https://www.investing.com/equities/chubb-corp
Church&Dwight,https://www.investing.com/equities/church---dwight
Cigna,https://www.investing.com/equities/cigna-corp
Cincinnati Financial,https://www.investing.com/equities/cincinnati-fin
Cintas,https://www.investing.com/equities/cintas-corp
Cisco,https://www.investing.com/equities/cisco-sys-inc
Citigroup,https://www.investing.com/equities/citigroup
Citizens Financial Group Inc,https://www.investing.com/equities/citizens-financial-group-inc
Citrix Systems,https://www.investing.com/equities/citrix-sys-inc
Clorox,https://www.investing.com/equities/clorox-co
Coca-Cola,https://www.investing.com/equities/coca-cola-co
Cognizant A,https://www.investing.com/equities/cognizant-technology-solutio
Colgate-Palmolive,https://www.investing.com/equities/colgate-palmo
Comcast,https://www.investing.com/equities/comcast-corp-new
Comerica,https://www.investing.com/equities/comerica-inc
ConAgra Foods,https://www.investing.com/equities/conagra-foods
ConocoPhillips,https://www.investing.com/equities/conoco-phillips
Consolidated Edison,https://www.investing.com/equities/cocnsol-edison
Constellation Brands A,https://www.investing.com/equities/constellation-a
Cooper,https://www.investing.com/equities/cooper-companies-inc
Copart,https://www.investing.com/equities/copart-inc
Corning,https://www.investing.com/equities/corning-inc
Corteva,https://www.investing.com/equities/corteva
Costco,https://www.investing.com/equities/costco-whsl-corp-new
Coterra Energy,https://www.investing.com/equities/cabot-oil---gas
Crown Castle,https://www.investing.com/equities/crown-castle-int
Cummins,https://www.investing.com/equities/cummins-inc
DISH Network,https://www.investing.com/equities/dish-network
DR Horton,https://www.investing.com/equities/d.r.-horton-inc
DTE Energy,https://www.investing.com/equities/dte-energy
DXC Technology,https://www.investing.com/equities/comp-science
DaVita,https://www.investing.com/equities/davita-inc
Danaher,https://www.investing.com/equities/danaher-corp
Darden Restaurants,https://www.investing.com/equities/dardem-rest
Deere&Company,https://www.investing.com/equities/deere---co
Delta Air Lines,https://www.investing.com/equities/delta-air-lines-new
Dentsply,https://www.investing.com/equities/dentsply-intl-inc-new
Devon Energy,https://www.investing.com/equities/devon-energy
DexCom,https://www.investing.com/equities/dexcom
Diamondback,https://www.investing.com/equities/diamondback-energy-inc
Digital,https://www.investing.com/equities/digital-realty-trust-inc
Discover,https://www.investing.com/equities/discover-financl
Dollar General,https://www.investing.com/equities/dollar-general-corp
Dollar Tree,https://www.investing.com/equities/dollar-tree-inc
Dominion Energy,https://www.investing.com/equities/dominion-res
Domino’s Pizza Inc,https://www.investing.com/equities/dominos-pizza-inc
Dover,https://www.investing.com/equities/dover-corp
Dow,https://www.investing.com/equities/dow-chemical
DuPont De Nemours,https://www.investing.com/equities/du-pont
Duke,https://www.investing.com/equities/duke-realty-corp
Duke Energy,https://www.investing.com/equities/duke-energy
EOG Resources,https://www.investing.com/equities/eog-resources
EPAM Systems,https://www.investing.com/equities/epam-systems-inc
Eastman Chemical,https://www.investing.com/equities/eastman-chem
Eaton,https://www.investing.com/equities/eaton
Ecolab,https://www.investing.com/equities/ecolab-inc
Edison,https://www.investing.com/equities/edison-intl
Edwards Lifesciences,https://www.investing.com/equities/edward-lifescience
Electronic Arts,https://www.investing.com/equities/electronic-arts-inc
Eli Lilly,https://www.investing.com/equities/eli-lilly-and-co
Emerson,https://www.investing.com/equities/emerson-elec
Enphase,https://www.investing.com/equities/enphase-energy-inc
Entergy,https://www.investing.com/equities/entergy-corp
Equifax,https://www.investing.com/equities/equifax-inc
Equinix,"https://www.investing.com/equities/equinix,-inc."
Equity Residential,https://www.investing.com/equities/eq-resident
Essex Property,https://www.investing.com/equities/essex-property-trust-inc
Estee Lauder,https://www.investing.com/equities/estee-lauder
Etsy Inc,https://www.investing.com/equities/etsy-inc
Everest,https://www.investing.com/equities/everest-re-group-ltd
Evergy,https://www.investing.com/equities/westar-energy
Eversource Energy,https://www.investing.com/equities/northeast-utilities
Exelon,https://www.investing.com/equities/exelon-corp
Expedia,https://www.investing.com/equities/expedia
Expeditors Washington,https://www.investing.com/equities/expeditors-intl-wash-inc
Extra Space Storage,https://www.investing.com/equities/extra-space-storage
Exxon Mobil,https://www.investing.com/equities/exxon-mobil
F5 Networks,https://www.investing.com/equities/f5-networks-inc
FMC,https://www.investing.com/equities/fmc-corp
FactSet Research,https://www.investing.com/equities/factset-research-systems-inc
Fastenal,https://www.investing.com/equities/fastenal-co
FedEx,https://www.investing.com/equities/fedex-corp
Federal Realty,https://www.investing.com/equities/federal-realty-investment-trust
Fidelity National Info,https://www.investing.com/equities/fidelity-natl-in
Fifth Third,https://www.investing.com/equities/fifth-third-bk
First Republic Bank,https://www.investing.com/equities/first-republic-bank
FirstEnergy,https://www.investing.com/equities/first-energy
Fiserv,https://www.investing.com/equities/fiserv-inc
FleetCor,https://www.investing.com/equities/fleetcor-tech
Ford Motor,https://www.investing.com/equities/ford-motor-co
Fortinet,https://www.investing.com/equities/fortinet
Fortive,https://www.investing.com/equities/fortive-corp
Fortune Brands,https://www.investing.com/equities/fortune-brands-home---security
Fox Corp A,https://www.investing.com/equities/fox-corp
Fox Corp B,https://www.investing.com/equities/fox-corp-b
Franklin Resources,https://www.investing.com/equities/franklin-res
Freeport-McMoran,https://www.investing.com/equities/freeport-mcm
Gap,https://www.investing.com/equities/gap.inc
Garmin,https://www.investing.com/equities/garmin-ltd
Gartner,https://www.investing.com/equities/gartner
Generac,https://www.investing.com/equities/generac-holdings
General Dynamics,https://www.investing.com/equities/general-dynam
General Electric,https://www.investing.com/equities/general-electric
General Mills,https://www.investing.com/equities/general-mills
General Motors,https://www.investing.com/equities/gen-motors
Genuine Parts,https://www.investing.com/equities/genuine-parts-co
Gilead,https://www.investing.com/equities/gilead-sciences-inc
Global Payments,https://www.investing.com/equities/global-payments
Globe Life,https://www.investing.com/equities/torchmark-corp
Goldman Sachs,https://www.investing.com/equities/goldman-sachs-group
HCA,https://www.investing.com/equities/hca-holdings-inc
HP Inc,https://www.investing.com/equities/hewlett-pack
Halliburton,https://www.investing.com/equities/halliburton-co
Hartford,https://www.investing.com/equities/hartford-finl
Hasbro,https://www.investing.com/equities/hasbro-inc
Healthpeak Properties,https://www.investing.com/equities/hcp-inc
Henry Schein,https://www.investing.com/equities/henry-schein
Hershey Co,https://www.investing.com/equities/hershey-co
Hess,https://www.investing.com/equities/hess-corp
Hewlett Packard,https://www.investing.com/equities/hewlett-packard-enterprise-co
Hilton Worldwide,https://www.investing.com/equities/hilton-worldwide
Hologic,https://www.investing.com/equities/hologic-inc
Home Depot,https://www.investing.com/equities/home-depot
Honeywell,https://www.investing.com/equities/honeywell-intl
Hormel Foods,https://www.investing.com/equities/hormel-foods-corp
Host Hotels Resorts,https://www.investing.com/equities/host-hotels---res
Howmet,https://www.investing.com/equities/howmet-aerospace-inc
Humana,https://www.investing.com/equities/humana-inc
Huntington Bancshares,https://www.investing.com/equities/huntgtn-bkshr
Huntington Ingalls Industries,https://www.investing.com/equities/huntington-ingalls-industries-inc
IBM,https://www.investing.com/equities/ibm
ICE,https://www.investing.com/equities/intercontintlex
IDEX,https://www.investing.com/equities/idex
IDEXX Labs,https://www.investing.com/equities/idexx-laboratorie
IFF,https://www.investing.com/equities/intl-flav---frag
IPG,https://www.investing.com/equities/interpublic-grp
IPG Photonics,https://www.investing.com/equities/ipg-photonics-corp.
IQVIA Holdings,https://www.investing.com/equities/quintis-trl-hlgs
Illinois Tool Works,https://www.investing.com/equities/illinois-tool-wk-r
Illumina,"https://www.investing.com/equities/illumina,-inc."
Incyte,https://www.investing.com/equities/incyte-corp
Ingersoll Rand,https://www.investing.com/equities/ingersoll-rand
Intel,https://www.investing.com/equities/intel-corp
International Paper,https://www.investing.com/equities/intl-paper-co
Intuit,https://www.investing.com/equities/intuit
Intuitive Surgical,https://www.investing.com/equities/intuitive-surgical-inc
Invesco,https://www.investing.com/equities/invesco-ltd
Iron Mountain,https://www.investing.com/equities/iron-mountain-inc
J&J,https://www.investing.com/equities/johnson-johnson
JB Hunt,https://www.investing.com/equities/j.b.-hunt-transpo
JM Smucker,https://www.investing.com/equities/jm-smucker-co
JPMorgan,https://www.investing.com/equities/jp-morgan-chase
Jack Henry&Associates,https://www.investing.com/equities/jack-henry---asso
Jacobs Engineering,https://www.investing.com/equities/jacobs-engineer
Johnson Controls,https://www.investing.com/equities/johnson-controls
Juniper,https://www.investing.com/equities/juniper-networks-inc
KLA-Tencor,https://www.investing.com/equities/kla-tencor-corp
Kellogg,https://www.investing.com/equities/kellogg-co.
KeyCorp,https://www.investing.com/equities/keycorp-new
Keysight Technologies,https://www.investing.com/equities/keysight-technologies
Kimberly-Clark,https://www.investing.com/equities/kimberly-clark
Kimco,https://www.investing.com/equities/kimco-realty
Kinder Morgan,https://www.investing.com/equities/kinder-morgan
Kraft Heinz,https://www.investing.com/equities/kraft-foods-inc
Kroger,https://www.investing.com/equities/kroger-co
L3Harris Technologies,https://www.investing.com/equities/harris-corporation
LKQ,https://www.investing.com/equities/lkq
Laboratory America,https://www.investing.com/equities/laboratory-corp-of-amer
Lam Research,https://www.investing.com/equities/lam-research-corp
Lamb Weston Holdings,https://www.investing.com/equities/lamb-weston-holdings-inc
Las Vegas Sands,https://www.investing.com/equities/las-vegas-sands
Leidos,https://www.investing.com/equities/leidos-holdings
Lennar,https://www.investing.com/equities/lennar
Lincoln National,https://www.investing.com/equities/lincoln-natl
Linde PLC,https://www.investing.com/equities/linde-plc
Live Nation Entertainment,https://www.investing.com/equities/live-nation-entertainment-inc
Lockheed Martin,https://www.investing.com/equities/lockheed-martin
Loews,https://www.investing.com/equities/loews-corporation
Lowe’s,https://www.investing.com/equities/lowes-companies
Lumen Technologies,https://www.investing.com/equities/centurylink
LyondellBasell Industries,https://www.investing.com/equities/lyondellbasell-industries
M&T Bank,https://www.investing.com/equities/m-t-bank-corp
MGM,https://www.investing.com/equities/mgm-mirage
MSCI,https://www.investing.com/equities/msci-inc
Marathon Oil,https://www.investing.com/equities/marathon-oil
Marathon Petroleum,https://www.investing.com/equities/marathon-petroleum-corp.
MarketAxesss,https://www.investing.com/equities/marketaxess-holdi
Marriott Int,https://www.investing.com/equities/marriott-intl
Marsh McLennan,https://www.investing.com/equities/marsh---mclennan
Martin Marietta Materials,https://www.investing.com/equities/martin-marietta-materials-inc
Masco,https://www.investing.com/equities/masco-corp
Mastercard,https://www.investing.com/equities/mastercard-cl-a
Match Group,https://www.investing.com/equities/match-group-inc
McCormick&Co,https://www.investing.com/equities/mccormick---co
McDonald’s,https://www.investing.com/equities/mcdonalds
McKesson,https://www.investing.com/equities/mckesson-corp
Medtronic,https://www.investing.com/equities/medtronic
Merck&Co,https://www.investing.com/equities/merck---co
MetLife,https://www.investing.com/equities/metlife-inc
Meta Platforms,https://www.investing.com/equities/facebook-inc
Mettler-Toledo,https://www.investing.com/equities/mettler-toledo-international-inc
Microchip,https://www.investing.com/equities/microchip-technology-inc
Micron,https://www.investing.com/equities/micron-tech
Microsoft,https://www.investing.com/equities/microsoft-corp
Mid-America Apartment,https://www.investing.com/equities/mid-america-apartment-communities
Moderna,https://www.investing.com/equities/moderna
Mohawk Industries,https://www.investing.com/equities/mohawk-industries
Molson Coors Brewing B,https://www.investing.com/equities/molson-coors
Mondelez,https://www.investing.com/equities/mondelez-international-inc
Monolithic,https://www.investing.com/equities/monolithic-power
Monster Beverage,https://www.investing.com/equities/monster-beverage
Moodys,https://www.investing.com/equities/moodys-corp
Morgan Stanley,https://www.investing.com/equities/morgan-stanley
Mosaic,https://www.investing.com/equities/mosaic-company
Motorola,https://www.investing.com/equities/motorola-inc
NRG,https://www.investing.com/equities/nrg-energy-inc
NVIDIA,https://www.investing.com/equities/nvidia-corp
NVR,https://www.investing.com/equities/nvr-inc
NXP,https://www.investing.com/equities/nxp-semiconductors
Nasdaq Inc,https://www.investing.com/equities/nasdaq-omx-group
NetApp,https://www.investing.com/equities/network-appliance-inc
Netflix,"https://www.investing.com/equities/netflix,-inc."
Newell Brands,https://www.investing.com/equities/newell-rubber
Newmont Goldcorp,https://www.investing.com/equities/newmont-mining
News Corp,https://www.investing.com/equities/news-corporation
News Corp A,https://www.investing.com/equities/news-corp.
NextEra Energy,https://www.investing.com/equities/nextera-energy-inc
NiSource,https://www.investing.com/equities/ni-source-inc
Nielsen,https://www.investing.com/equities/nielsen-holdings-nv
Nike,https://www.investing.com/equities/nike
Norfolk Southern,https://www.investing.com/equities/norfolk-southern
Northern Trust,https://www.investing.com/equities/northern-trust
Northrop Grumman,https://www.investing.com/equities/northrop-grumman
NortonLifeLock Inc,https://www.investing.com/equities/symantec-corp
Norwegian Cruise Line,https://www.investing.com/equities/norwegian-cruise-line-holdings-ltd
Nucor,https://www.investing.com/equities/nucor
ONEOK,https://www.investing.com/equities/oneok
Occidental,https://www.investing.com/equities/occidental-petro
Old Dominion Freight Line,https://www.investing.com/equities/old-dominion-freight-line-inc
Omnicom,https://www.investing.com/equities/omnicom-gp-inc
Oracle,https://www.investing.com/equities/oracle-corp
Organon Co,https://www.investing.com/equities/organon-co
Otis Worldwide,https://www.investing.com/equities/otis-worldwide-corp
O’Reilly Automotive,https://www.investing.com/equities/oreilly-automotive
PACCAR,https://www.investing.com/equities/paccar-inc
PNC Financial,https://www.investing.com/equities/pnc-fin-serv
PPG Industries,https://www.investing.com/equities/ppg-industries
PPL,https://www.investing.com/equities/ppl-corp
PTC,https://www.investing.com/equities/ptc
PVH,https://www.investing.com/equities/pvh
Packaging America,https://www.investing.com/equities/packaging-corp
Paramount Global B,https://www.investing.com/equities/viacom-cl-b
Parker-Hannifin,https://www.investing.com/equities/parkerhannifin
PayPal Holdings Inc,https://www.investing.com/equities/paypal-holdings-inc
Paychex,https://www.investing.com/equities/paychex-inc
Paycom Soft,https://www.investing.com/equities/paycom-soft
Penn National Gaming,https://www.investing.com/equities/penn-national-gaming-inc
Pentair,https://www.investing.com/equities/pentair
PepsiCo,https://www.investing.com/equities/pepsico
PerkinElmer,https://www.investing.com/equities/perkinelmer
Pfizer,https://www.investing.com/equities/pfizer
Philip Morris,https://www.investing.com/equities/philip-morris-intl
Phillips 66,https://www.investing.com/equities/phillips-66-ltd
Pinnacle West,https://www.investing.com/equities/pinnacle-west
Pioneer Natural,https://www.investing.com/equities/pioneer-natural-resources
Pool,https://www.investing.com/equities/pool-corp
Principal Financial,https://www.investing.com/equities/principal-fin
Procter&Gamble,https://www.investing.com/equities/procter-gamble
Progressive,https://www.investing.com/equities/the-progressive
Prologis,https://www.investing.com/equities/prologis
Prudential Financial,https://www.investing.com/equities/prudential-fin
Public Service Enterprise,https://www.investing.com/equities/publ-svc-enter
Public Storage,https://www.investing.com/equities/public-stg-mld
PulteGroup,https://www.investing.com/equities/pulte-homes-inc
Qorvo Inc,https://www.investing.com/equities/qorvo-inc
Qualcomm,https://www.investing.com/equities/qualcomm-inc
Quanta Services,https://www.investing.com/equities/quanta-services
Quest Diagnostics,https://www.investing.com/equities/quest-diag
Ralph Lauren A,https://www.investing.com/equities/polo-ralph-laur
Raymond James Financial,https://www.investing.com/equities/raymond-james-financial-inc
Raytheon Technologies,https://www.investing.com/equities/united-tech
Realty Income,https://www.investing.com/equities/realty-income
Regency Centers,https://www.investing.com/equities/regency-centers-corp
Regeneron Pharma,https://www.investing.com/equities/regeneron-phar.
Regions Financial,https://www.investing.com/equities/regions-fin
Republic Services,https://www.investing.com/equities/republic-services-inc
ResMed,https://www.investing.com/equities/resmed-inc
Robert Half,https://www.investing.com/equities/robert-half-intl
Rockwell Automation,https://www.investing.com/equities/rockwell-automat
Rollins,https://www.investing.com/equities/rollins-inc
Roper Technologies,https://www.investing.com/equities/roper-industries
Ross Stores,https://www.investing.com/equities/ross-stores-inc
Royal Caribbean Cruises,https://www.investing.com/equities/royal-caribbean
S&P Global,https://www.investing.com/equities/mcgraw-hill
SBA Communications,https://www.investing.com/equities/sba-communications-corp
STERIS,https://www.investing.com/equities/steris-corp
SVB,https://www.investing.com/equities/svb-financial-gro
Salesforce.com,https://www.investing.com/equities/salesforce-com
Schlumberger,https://www.investing.com/equities/schlumberger-ltd
Seagate,https://www.investing.com/equities/seagate-technology
Sealed Air,https://www.investing.com/equities/sealed-air
Sempra Energy,https://www.investing.com/equities/sempra-energy
ServiceNow Inc,https://www.investing.com/equities/servicenow-inc
Sherwin-Williams,https://www.investing.com/equities/sherwinwilliams
Signature Bank,https://www.investing.com/equities/signature-bank
Simon Property,https://www.investing.com/equities/simon-prop-grp
Skyworks,https://www.investing.com/equities/skyworks-solutions-inc
Snap-On,https://www.investing.com/equities/snapon-inc
SolarEdge Technologies Inc,https://www.investing.com/equities/solaredge-technologies-inc
Southern,https://www.investing.com/equities/southern-co
Southwest Airlines,https://www.investing.com/equities/sth-west-airlines
Stanley Black Decker,https://www.investing.com/equities/stanley-works
Starbucks,https://www.investing.com/equities/starbucks-corp
State Street,https://www.investing.com/equities/state-street
Stryker,https://www.investing.com/equities/stryker
Synchrony Financial,https://www.investing.com/equities/synchrony-fin
Synopsys,https://www.investing.com/equities/synopsys-inc
Sysco,https://www.investing.com/equities/sysco-corp
T Rowe,https://www.investing.com/equities/t-rowe-price-gp
T-Mobile US,https://www.investing.com/equities/metropcs-communications
TE Connectivity,https://www.investing.com/equities/te-connectivity
TJX,https://www.investing.com/equities/tjx-co-inc
Take-Two,https://www.investing.com/equities/take-two-interactive
Tapestry,https://www.investing.com/equities/coach
Target,https://www.investing.com/equities/target
Teledyne Technologies,https://www.investing.com/equities/teledyne-technologies-inc
Teleflex,https://www.investing.com/equities/teleflex-inc
Teradyne,https://www.investing.com/equities/teradyne-inc
Tesla,https://www.investing.com/equities/tesla-motors
Texas Instruments,https://www.investing.com/equities/texas-instru
Textron,https://www.investing.com/equities/textron-inc
The AES,https://www.investing.com/equities/aes-corp
Thermo Fisher Scientific,https://www.investing.com/equities/thermo-fisher-sc
Tractor Supply,https://www.investing.com/equities/tractor-supply-company
Trane Technologies,https://www.investing.com/equities/trane-technologies-plc
Transdigm,https://www.investing.com/equities/transdigm-group-inc
Travelers,https://www.investing.com/equities/the-travelers-co
Trimble,https://www.investing.com/equities/trimble-navigation-ltd
Truist Financial Corp,https://www.investing.com/equities/bb-t-corp
Twitter Inc,https://www.investing.com/equities/twitter-inc
Tyler Technologies,https://www.investing.com/equities/tyler-technologies-inc
Tyson Foods,https://www.investing.com/equities/tyson-foods
U.S. Bancorp,https://www.investing.com/equities/us-bancorp
UDR,https://www.investing.com/equities/udr
Ulta Beauty,https://www.investing.com/equities/ulta-salon-cosmetics---fragrance
Under Armour A,https://www.investing.com/equities/under-armour
Under Armour C,https://www.investing.com/equities/under-armour-c
Union Pacific,https://www.investing.com/equities/union-pacific
United Airlines Holdings,https://www.investing.com/equities/united-continenta
United Parcel Service,https://www.investing.com/equities/united-parcel
United Rentals,https://www.investing.com/equities/united-rentals
UnitedHealth,https://www.investing.com/equities/united-health-group
Universal Health Services,https://www.investing.com/equities/universal-health-services
VF,https://www.investing.com/equities/vf-corp
Valero Energy,https://www.investing.com/equities/valero-energy
Ventas,https://www.investing.com/equities/ventas-inc
VeriSign,https://www.investing.com/equities/verisign-inc
Verisk,https://www.investing.com/equities/verisk-analytics-inc
Verizon,https://www.investing.com/equities/verizon-communications
Vertex,https://www.investing.com/equities/vertex-pharm
Viatris,https://www.investing.com/equities/mylan-inc
Visa A,https://www.investing.com/equities/visa-inc
Vornado,https://www.investing.com/equities/vornado-realty
Vulcan Materials,https://www.investing.com/equities/vulcan-matrls
WEC Energy,https://www.investing.com/equities/wisconsin-energy-corp
WR Berkley,https://www.investing.com/equities/wr-berkley-corp
WW Grainger,https://www.investing.com/equities/w-w-grainger-inc
Walgreens Boots,https://www.investing.com/equities/walgreen-co
Walmart,https://www.investing.com/equities/wal-mart-stores
Walt Disney,https://www.investing.com/equities/disney
Warner Bros Discovery,https://www.investing.com/equities/discovery-holding-co
Waste Management,https://www.investing.com/equities/waste-managemnt
Waters,https://www.investing.com/equities/waters-corp
Wells Fargo&Co,https://www.investing.com/equities/wells-fargo
Welltower,https://www.investing.com/equities/health-care-reit
West Pharmaceutical Services,https://www.investing.com/equities/west-pharmaceutical-services-inc
WestRock Co,https://www.investing.com/equities/westrock-co
Western Digital,https://www.investing.com/equities/western-digital
Westinghouse Air Brake,https://www.investing.com/equities/westinghouse-air-brake-tech
Weyerhaeuser,https://www.investing.com/equities/weyerhaeuser
Whirlpool,https://www.investing.com/equities/whirl-pool-corp
Williams,https://www.investing.com/equities/williams-cos
Willis Towers Watson,https://www.investing.com/equities/willis-group-holdings-plc
Wynn Resorts,https://www.investing.com/equities/wynn-resorts-ltd
Xcel Energy,https://www.investing.com/equities/xcel-energy
Xylem,https://www.investing.com/equities/xylem
Yum! Brands,https://www.investing.com/equities/yum!-brands-inc
Zebra,https://www.investing.com/equities/zebra-tech
Zimmer Biomet,https://www.investing.com/equities/zimmer-hldgs
Zions,https://www.investing.com/equities/zions-bancorp
Zoetis Inc,https://www.investing.com/equities/zoetis-inc
eBay,https://www.investing.com/equities/ebay-inc
